               epoch,      train/box_loss,      train/obj_loss,      train/cls_loss,   metrics/precision,      metrics/recall,     metrics/mAP_0.5,metrics/mAP_0.5:0.95,        val/box_loss,        val/obj_loss,        val/cls_loss,               x/lr0,               x/lr1,               x/lr2
                   0,            0.089139,            0.053967,              0.0366,             0.22097,             0.38667,             0.24008,             0.12137,            0.074767,            0.035072,            0.031827,           0.0033254,           0.0033254,            0.070072
                   1,             0.07411,            0.039136,            0.027009,             0.32971,                0.44,             0.40768,             0.17948,            0.079329,            0.021169,            0.022932,           0.0066258,           0.0066258,            0.040039
                   2,            0.083066,            0.030025,            0.018562,             0.59145,               0.515,             0.54164,             0.19613,            0.094405,            0.018112,            0.019064,           0.0098931,           0.0098931,           0.0099727
                   3,            0.080118,            0.027154,            0.013163,             0.34741,             0.60333,             0.53801,             0.25508,            0.074177,            0.019867,            0.020471,           0.0098515,           0.0098515,           0.0098515
                   4,            0.066804,            0.026895,            0.010962,             0.72674,             0.48332,             0.59591,             0.29112,            0.061267,            0.019765,            0.017112,           0.0098515,           0.0098515,           0.0098515
                   5,            0.059599,            0.025166,           0.0094537,             0.52272,                0.61,             0.56881,             0.29837,            0.061444,            0.020987,            0.016365,            0.009802,            0.009802,            0.009802
                   6,            0.057988,            0.024401,           0.0083862,             0.54414,             0.71318,             0.68565,             0.37409,             0.05926,            0.019553,            0.016387,           0.0097525,           0.0097525,           0.0097525
                   7,            0.050387,            0.024669,           0.0078556,             0.61787,             0.74333,             0.70327,             0.33974,            0.055248,            0.019475,            0.016052,            0.009703,            0.009703,            0.009703
                   8,            0.048032,            0.024971,           0.0075299,             0.71599,               0.665,             0.73597,             0.46318,            0.047133,             0.02038,            0.016647,           0.0096535,           0.0096535,           0.0096535
                   9,             0.04131,               0.023,            0.006688,             0.52107,                0.74,             0.70569,              0.4247,            0.049137,              0.0188,            0.016281,            0.009604,            0.009604,            0.009604
                  10,            0.041702,            0.022315,           0.0063864,             0.81136,               0.735,             0.81419,              0.4855,            0.047276,            0.018346,            0.015404,           0.0095545,           0.0095545,           0.0095545
                  11,            0.037457,            0.020958,           0.0063377,             0.85045,             0.72808,             0.79671,             0.52085,            0.043313,            0.017975,            0.015036,            0.009505,            0.009505,            0.009505
                  12,            0.036504,            0.022073,            0.006091,             0.52371,               0.715,             0.68202,             0.45028,            0.048278,            0.018795,            0.014977,           0.0094555,           0.0094555,           0.0094555
                  13,            0.036487,            0.020455,           0.0059776,             0.83946,             0.78004,             0.84554,             0.48906,            0.041427,            0.018036,            0.014389,            0.009406,            0.009406,            0.009406
                  14,            0.037977,            0.021231,           0.0058991,             0.78435,             0.76333,             0.83007,             0.50939,            0.041549,            0.018394,            0.013404,           0.0093565,           0.0093565,           0.0093565
                  15,             0.03538,            0.020069,           0.0053945,             0.86236,             0.84588,             0.90234,             0.47392,            0.042456,            0.018197,            0.012547,            0.009307,            0.009307,            0.009307
                  16,            0.031784,            0.019608,           0.0056167,             0.82425,             0.81333,             0.85655,             0.45532,            0.044434,             0.01858,            0.012038,           0.0092575,           0.0092575,           0.0092575
                  17,            0.032776,            0.019995,            0.005724,             0.85781,             0.81095,             0.85897,              0.5084,            0.042359,             0.02007,            0.012808,            0.009208,            0.009208,            0.009208
                  18,            0.031592,            0.019561,           0.0053746,             0.85651,             0.77529,             0.85727,             0.50274,            0.040907,            0.020245,            0.013491,           0.0091585,           0.0091585,           0.0091585
                  19,            0.031397,             0.01888,           0.0051796,             0.89001,             0.79333,             0.85371,             0.51746,            0.041357,            0.018852,            0.012787,            0.009109,            0.009109,            0.009109
                  20,            0.030727,            0.019339,           0.0053559,             0.90675,             0.76781,             0.85902,             0.50798,            0.039843,            0.019139,            0.012379,           0.0090595,           0.0090595,           0.0090595
                  21,            0.028835,            0.018211,           0.0049158,             0.88688,             0.74907,             0.82986,             0.52338,            0.041345,            0.019634,            0.012801,             0.00901,             0.00901,             0.00901
                  22,            0.029323,            0.018612,           0.0052732,             0.87528,               0.755,             0.87191,             0.51418,            0.042011,            0.020589,            0.011791,           0.0089605,           0.0089605,           0.0089605
                  23,            0.027954,            0.018124,           0.0046836,             0.81797,             0.70981,             0.80257,              0.4634,            0.043219,            0.022404,            0.012079,            0.008911,            0.008911,            0.008911
                  24,            0.028336,            0.018304,           0.0051738,             0.84411,             0.79226,             0.86831,             0.49302,            0.042474,            0.021409,             0.01235,           0.0088615,           0.0088615,           0.0088615
                  25,            0.028442,              0.0179,           0.0051457,             0.86187,             0.79939,             0.86535,             0.52529,            0.040343,            0.021594,            0.011745,            0.008812,            0.008812,            0.008812
                  26,            0.028436,            0.018163,            0.004698,             0.89283,             0.84306,             0.89745,             0.50778,            0.040707,            0.021302,            0.011023,           0.0087625,           0.0087625,           0.0087625
                  27,            0.027386,            0.017581,           0.0046835,             0.88994,             0.83324,             0.89355,             0.53296,            0.039987,            0.021333,            0.010962,            0.008713,            0.008713,            0.008713
                  28,            0.028837,            0.018344,           0.0050031,             0.87747,             0.77153,             0.85626,             0.49243,              0.0407,            0.022174,            0.011783,           0.0086635,           0.0086635,           0.0086635
                  29,            0.026319,            0.017339,           0.0047482,             0.88077,             0.77898,             0.84128,             0.52792,            0.042173,            0.019633,            0.011626,            0.008614,            0.008614,            0.008614
                  30,            0.028267,            0.017506,           0.0046675,               0.862,              0.8126,             0.86912,             0.54018,            0.039822,            0.019478,             0.01235,           0.0085645,           0.0085645,           0.0085645
                  31,            0.025162,             0.01711,           0.0043668,             0.93143,             0.76973,             0.87382,             0.54464,            0.039053,            0.020114,            0.013032,            0.008515,            0.008515,            0.008515
                  32,            0.026056,            0.017215,           0.0044522,             0.91935,             0.78667,             0.87787,             0.57131,             0.03781,            0.020581,             0.01132,           0.0084655,           0.0084655,           0.0084655
                  33,            0.025674,            0.016901,           0.0042967,             0.89347,                0.78,             0.85707,              0.5458,            0.039807,            0.020038,            0.011347,            0.008416,            0.008416,            0.008416
                  34,            0.025218,            0.016895,           0.0043111,             0.89716,             0.77582,             0.85072,             0.54949,             0.03895,            0.020016,            0.011392,           0.0083665,           0.0083665,           0.0083665
                  35,            0.026119,            0.017029,           0.0045251,             0.90577,             0.82425,             0.88409,             0.56474,            0.038544,            0.019734,            0.011221,            0.008317,            0.008317,            0.008317
                  36,            0.025101,            0.016901,           0.0044018,             0.83553,             0.78959,             0.84448,             0.56813,            0.037246,            0.019611,            0.011649,           0.0082675,           0.0082675,           0.0082675
                  37,            0.025513,             0.01681,           0.0046845,             0.88142,             0.84155,             0.88385,             0.58785,            0.038017,            0.018821,            0.010886,            0.008218,            0.008218,            0.008218
                  38,            0.024903,            0.017009,           0.0047609,             0.92897,             0.87311,              0.9177,             0.60326,            0.036225,            0.018573,             0.01049,           0.0081685,           0.0081685,           0.0081685
                  39,            0.025205,            0.016887,           0.0042913,             0.86934,             0.80053,             0.84042,             0.57064,              0.0372,            0.019389,            0.010763,            0.008119,            0.008119,            0.008119
                  40,            0.023756,            0.016161,            0.004323,             0.92257,             0.80606,             0.89757,              0.5816,            0.038588,            0.020625,             0.01139,           0.0080695,           0.0080695,           0.0080695
                  41,            0.024193,            0.015923,           0.0042412,             0.91458,             0.84838,             0.91391,             0.56847,            0.037368,            0.020096,            0.010515,             0.00802,             0.00802,             0.00802
                  42,            0.024125,            0.015953,           0.0044862,             0.93886,             0.80418,             0.89728,             0.57591,            0.036843,             0.02152,            0.011267,           0.0079705,           0.0079705,           0.0079705
                  43,            0.026328,            0.017301,           0.0042917,             0.87809,             0.78167,             0.85652,             0.57529,            0.037475,            0.021292,            0.012598,            0.007921,            0.007921,            0.007921
                  44,            0.024753,            0.016147,           0.0039424,             0.90335,              0.7376,              0.8323,             0.55088,            0.037305,             0.02091,            0.013968,           0.0078715,           0.0078715,           0.0078715
                  45,            0.023734,            0.015808,           0.0045624,              0.9192,             0.76303,             0.85013,             0.57532,            0.037272,            0.019492,            0.013032,            0.007822,            0.007822,            0.007822
                  46,            0.022995,            0.015514,           0.0043553,             0.93064,             0.80052,              0.8937,             0.60959,            0.036003,            0.019102,            0.012463,           0.0077725,           0.0077725,           0.0077725
                  47,             0.02279,            0.015938,           0.0041584,             0.88318,             0.81625,             0.89037,             0.59051,            0.036148,            0.019536,            0.012734,            0.007723,            0.007723,            0.007723
                  48,            0.023974,            0.015502,           0.0039983,             0.91203,               0.831,              0.9036,             0.59514,            0.035464,            0.019413,            0.013021,           0.0076735,           0.0076735,           0.0076735
                  49,            0.022585,            0.015309,           0.0039924,             0.92077,             0.77212,             0.87671,             0.58203,            0.037693,            0.021303,              0.0125,            0.007624,            0.007624,            0.007624
                  50,            0.023621,            0.015798,           0.0038804,             0.89654,               0.815,             0.89702,              0.5886,            0.036539,            0.020764,            0.011719,           0.0075745,           0.0075745,           0.0075745
                  51,            0.021334,            0.014758,           0.0039512,             0.92908,             0.81362,             0.90219,             0.56411,            0.036851,            0.021455,            0.010588,            0.007525,            0.007525,            0.007525
                  52,            0.022838,            0.015718,           0.0042016,             0.94618,                0.79,             0.87464,             0.56884,            0.036933,            0.021748,            0.010946,           0.0074755,           0.0074755,           0.0074755
                  53,            0.022027,            0.014993,           0.0040936,             0.94808,             0.87167,             0.92481,             0.60317,            0.036195,            0.019323,           0.0090402,            0.007426,            0.007426,            0.007426
                  54,            0.022007,            0.014751,           0.0038788,             0.93801,             0.85534,             0.91498,             0.58837,            0.035837,            0.019693,           0.0089636,           0.0073765,           0.0073765,           0.0073765
                  55,            0.021114,            0.015011,           0.0039248,             0.94541,             0.80195,             0.89026,             0.59791,            0.035859,             0.02072,            0.010226,            0.007327,            0.007327,            0.007327
                  56,            0.021729,            0.014758,           0.0039907,             0.92828,             0.78108,             0.85623,             0.56934,             0.03684,            0.022054,            0.011328,           0.0072775,           0.0072775,           0.0072775
                  57,            0.021938,            0.014768,           0.0038023,              0.9385,              0.8116,             0.87558,             0.58949,            0.035887,            0.021204,            0.011171,            0.007228,            0.007228,            0.007228
                  58,             0.02172,             0.01521,           0.0039509,             0.92303,             0.74528,             0.84307,             0.57238,            0.037584,            0.023478,            0.013142,           0.0071785,           0.0071785,           0.0071785
                  59,            0.022739,             0.01481,            0.003859,             0.92346,             0.73396,             0.83215,             0.57898,            0.036975,            0.022722,             0.01476,            0.007129,            0.007129,            0.007129
                  60,            0.020637,            0.014704,           0.0039345,             0.88203,             0.77519,             0.84286,             0.58242,            0.036513,            0.020449,            0.014444,           0.0070795,           0.0070795,           0.0070795
                  61,            0.021459,            0.015254,           0.0042303,             0.85173,             0.75667,             0.81893,             0.56048,            0.038768,            0.022403,            0.013578,             0.00703,             0.00703,             0.00703
                  62,            0.020722,            0.014781,           0.0038911,             0.90912,             0.78892,             0.86138,             0.58692,            0.036365,            0.020482,             0.01162,           0.0069805,           0.0069805,           0.0069805
                  63,            0.020918,            0.014772,           0.0039758,             0.88547,             0.78538,             0.84466,              0.5816,            0.036538,            0.020198,            0.012913,            0.006931,            0.006931,            0.006931
                  64,            0.020985,            0.014639,           0.0036432,             0.86183,             0.76596,             0.81362,             0.56294,            0.038399,             0.02232,            0.013801,           0.0068815,           0.0068815,           0.0068815
                  65,            0.021433,            0.014805,           0.0037734,             0.88146,               0.765,             0.82995,             0.56713,             0.03619,            0.020912,            0.012223,            0.006832,            0.006832,            0.006832
                  66,            0.020869,            0.014295,           0.0040152,             0.88391,             0.78484,             0.85213,             0.55401,            0.038271,            0.022384,            0.012172,           0.0067825,           0.0067825,           0.0067825
                  67,            0.020851,            0.014982,           0.0037134,             0.87104,             0.74833,             0.82182,             0.55987,             0.03807,            0.023418,            0.012451,            0.006733,            0.006733,            0.006733
                  68,            0.021521,            0.014769,           0.0039161,             0.90392,             0.76333,             0.83282,             0.56456,            0.037084,            0.022742,            0.013601,           0.0066835,           0.0066835,           0.0066835
                  69,            0.020351,            0.014173,           0.0036375,             0.86967,              0.7756,             0.83632,             0.56514,             0.03705,            0.022925,            0.014183,            0.006634,            0.006634,            0.006634
                  70,            0.019828,            0.014199,           0.0038133,             0.90178,             0.74833,             0.85056,             0.56729,             0.03703,            0.022772,             0.01309,           0.0065845,           0.0065845,           0.0065845
                  71,             0.02057,            0.014391,            0.003853,             0.90932,                0.77,             0.85575,             0.57933,            0.036218,            0.022103,            0.011633,            0.006535,            0.006535,            0.006535
                  72,             0.02046,            0.014001,           0.0036939,             0.89707,             0.79053,             0.85535,             0.59467,            0.036201,            0.021298,            0.011851,           0.0064855,           0.0064855,           0.0064855
                  73,            0.019227,            0.014272,            0.003732,             0.88764,             0.78944,             0.85445,             0.57316,            0.037119,             0.02187,             0.01222,            0.006436,            0.006436,            0.006436
                  74,            0.019791,            0.014185,           0.0037282,             0.88207,             0.77841,              0.8492,             0.59535,            0.035336,             0.02066,            0.012908,           0.0063865,           0.0063865,           0.0063865
                  75,            0.019077,            0.013404,           0.0036159,             0.87706,             0.77093,             0.83858,             0.58827,            0.035219,            0.020617,            0.013227,            0.006337,            0.006337,            0.006337
                  76,            0.019824,            0.013989,           0.0038349,             0.92299,             0.76333,             0.83679,               0.576,            0.036478,             0.02171,            0.014255,           0.0062875,           0.0062875,           0.0062875
                  77,            0.019356,            0.013722,           0.0034499,             0.91303,             0.77484,             0.85334,             0.59952,            0.035681,            0.020103,            0.013155,            0.006238,            0.006238,            0.006238
                  78,            0.017788,            0.012891,           0.0036433,             0.91282,             0.79385,             0.85239,             0.60881,            0.035137,            0.019994,            0.012053,           0.0061885,           0.0061885,           0.0061885
                  79,            0.019686,            0.013884,           0.0038855,             0.92149,             0.80207,             0.87276,             0.60521,            0.034994,            0.019176,            0.011567,            0.006139,            0.006139,            0.006139
                  80,            0.018084,            0.013032,           0.0034769,             0.91386,             0.83611,             0.89249,             0.61627,            0.033891,            0.019393,            0.010751,           0.0060895,           0.0060895,           0.0060895
                  81,            0.019642,            0.013724,           0.0037012,             0.90578,             0.80911,             0.87105,             0.60853,            0.034707,            0.019873,            0.011702,             0.00604,             0.00604,             0.00604
                  82,            0.018568,            0.013209,           0.0036763,             0.93395,             0.82138,             0.90289,             0.62848,            0.033591,            0.019565,            0.010575,           0.0059905,           0.0059905,           0.0059905
                  83,             0.01934,            0.014109,           0.0038234,             0.95302,             0.77223,             0.86757,             0.62089,            0.034248,            0.019816,            0.011596,            0.005941,            0.005941,            0.005941
                  84,            0.018499,            0.012827,           0.0035807,             0.93944,             0.78323,             0.87408,             0.62647,            0.032984,             0.01952,            0.011017,           0.0058915,           0.0058915,           0.0058915
                  85,            0.018693,             0.01357,           0.0036051,              0.8864,             0.79365,             0.85791,             0.62682,            0.033898,            0.020576,            0.011994,            0.005842,            0.005842,            0.005842
                  86,            0.018087,            0.012993,           0.0036933,             0.90094,             0.79232,             0.86215,             0.60538,             0.03405,            0.020286,            0.012051,           0.0057925,           0.0057925,           0.0057925
                  87,            0.018273,            0.012851,           0.0036099,             0.88784,             0.79846,             0.86087,             0.60779,            0.034001,            0.020501,            0.012057,            0.005743,            0.005743,            0.005743
                  88,            0.017704,            0.012565,           0.0036828,             0.90124,             0.79241,             0.87026,             0.61235,            0.033473,            0.020772,            0.012192,           0.0056935,           0.0056935,           0.0056935
                  89,             0.01754,            0.012421,           0.0036017,             0.94511,             0.82655,             0.90015,             0.64859,             0.03242,            0.019297,            0.010502,            0.005644,            0.005644,            0.005644
                  90,            0.018814,            0.013359,           0.0033084,             0.93573,             0.81947,             0.89658,              0.6335,             0.03265,            0.019518,            0.010786,           0.0055945,           0.0055945,           0.0055945
                  91,            0.018814,            0.013585,           0.0035271,             0.92063,             0.79576,             0.87797,              0.6243,            0.033129,            0.020121,            0.011437,            0.005545,            0.005545,            0.005545
                  92,              0.0191,            0.013123,           0.0035018,             0.89684,             0.78124,             0.86961,             0.63166,            0.032633,            0.019776,            0.011357,           0.0054955,           0.0054955,           0.0054955
                  93,            0.017942,            0.012728,           0.0034634,             0.91765,             0.81734,              0.8933,             0.64783,            0.032018,            0.018911,            0.011949,            0.005446,            0.005446,            0.005446
                  94,            0.019118,            0.012957,           0.0035171,             0.88639,             0.78865,             0.87013,             0.63767,             0.03236,            0.019652,            0.013492,           0.0053965,           0.0053965,           0.0053965
                  95,            0.018245,            0.013213,           0.0034544,             0.88267,              0.8205,             0.87848,             0.64207,            0.032109,            0.018927,            0.012774,            0.005347,            0.005347,            0.005347
                  96,            0.018041,            0.012563,           0.0033245,              0.9141,             0.81993,             0.89484,             0.62489,            0.033104,            0.019264,            0.011928,           0.0052975,           0.0052975,           0.0052975
                  97,            0.017503,            0.012618,           0.0032565,             0.92178,             0.81167,             0.88314,              0.6122,            0.033156,            0.019457,            0.011228,            0.005248,            0.005248,            0.005248
                  98,            0.017138,            0.012982,           0.0034352,             0.92743,             0.80962,             0.87398,             0.61838,            0.032885,            0.019483,             0.01112,           0.0051985,           0.0051985,           0.0051985
                  99,            0.017784,            0.012738,           0.0034393,             0.90616,             0.82074,             0.87721,             0.62417,            0.033169,             0.01976,            0.012222,            0.005149,            0.005149,            0.005149
                 100,            0.017395,             0.01267,           0.0033559,             0.91577,             0.77833,             0.85979,             0.61636,            0.033155,            0.020541,            0.013605,           0.0050995,           0.0050995,           0.0050995
                 101,             0.01799,            0.012739,           0.0034298,             0.93649,             0.76241,             0.86307,             0.60696,            0.034169,            0.021708,            0.012223,             0.00505,             0.00505,             0.00505
                 102,            0.016853,            0.012489,           0.0033584,             0.92973,             0.78162,              0.8624,             0.61755,            0.034111,            0.020787,            0.011509,           0.0050005,           0.0050005,           0.0050005
                 103,            0.017122,            0.011995,           0.0034723,             0.89959,             0.79614,             0.85822,             0.62891,            0.033289,            0.019781,            0.011101,            0.004951,            0.004951,            0.004951
                 104,            0.016561,            0.012498,           0.0034532,             0.93087,             0.77667,              0.8478,             0.61195,            0.033745,            0.021123,            0.011575,           0.0049015,           0.0049015,           0.0049015
                 105,            0.016572,            0.012133,           0.0034113,             0.90364,               0.785,             0.85395,             0.62459,            0.032857,            0.020454,            0.011164,            0.004852,            0.004852,            0.004852
                 106,            0.016638,            0.012351,            0.003326,             0.93055,             0.78962,              0.8642,             0.62204,            0.032832,            0.020175,            0.011426,           0.0048025,           0.0048025,           0.0048025
                 107,            0.016901,            0.012795,           0.0033911,             0.90656,              0.7586,             0.83301,             0.62247,            0.033059,             0.02025,            0.011556,            0.004753,            0.004753,            0.004753
                 108,            0.016799,            0.011826,            0.003377,             0.88812,             0.79609,             0.85412,             0.63366,            0.032574,            0.019709,            0.011329,           0.0047035,           0.0047035,           0.0047035
                 109,             0.01663,            0.011717,            0.003214,              0.8902,             0.78377,             0.84377,             0.63258,            0.033335,            0.020067,            0.012494,            0.004654,            0.004654,            0.004654
                 110,            0.016832,            0.012378,           0.0035571,             0.88686,             0.75787,             0.83026,             0.61141,            0.034299,            0.021792,            0.013598,           0.0046045,           0.0046045,           0.0046045
                 111,             0.01645,            0.012045,           0.0034125,             0.91878,              0.7755,             0.85378,             0.61862,            0.034593,            0.020948,            0.012409,            0.004555,            0.004555,            0.004555
                 112,            0.016919,            0.012219,           0.0033504,             0.91582,             0.78927,             0.86672,             0.62788,            0.033738,            0.020386,            0.011726,           0.0045055,           0.0045055,           0.0045055
                 113,            0.015579,            0.011611,           0.0033398,             0.92762,              0.7656,             0.86029,             0.62706,            0.033434,            0.020294,            0.012374,            0.004456,            0.004456,            0.004456
                 114,            0.016361,            0.011876,           0.0033652,              0.8997,             0.79631,             0.86409,             0.62248,            0.033394,            0.019607,            0.012266,           0.0044065,           0.0044065,           0.0044065
                 115,             0.01537,            0.011532,           0.0033864,             0.88764,             0.79978,             0.87296,             0.62869,            0.033271,            0.020499,            0.013172,            0.004357,            0.004357,            0.004357
                 116,            0.015692,            0.011597,           0.0033847,             0.88619,             0.78624,             0.87111,             0.63072,             0.03348,            0.020601,             0.01328,           0.0043075,           0.0043075,           0.0043075
                 117,            0.015505,            0.011531,           0.0032806,             0.92319,             0.75333,              0.8461,             0.62477,            0.033516,            0.020994,            0.012472,            0.004258,            0.004258,            0.004258
                 118,             0.01531,            0.011551,           0.0032617,             0.93404,             0.74834,             0.84791,             0.61774,            0.033846,             0.02113,            0.012704,           0.0042085,           0.0042085,           0.0042085
                 119,            0.015713,            0.011749,           0.0033875,             0.91379,             0.75043,             0.84834,             0.62818,            0.033352,            0.020478,            0.012712,            0.004159,            0.004159,            0.004159
                 120,            0.015436,            0.011597,           0.0033926,             0.89181,             0.75684,             0.84658,             0.62594,            0.033481,            0.019977,            0.012628,           0.0041095,           0.0041095,           0.0041095
                 121,            0.015498,            0.011519,           0.0033393,             0.91127,             0.77167,             0.86999,             0.62203,            0.034009,            0.020468,            0.012319,             0.00406,             0.00406,             0.00406
                 122,            0.015425,            0.011344,           0.0035847,             0.88163,              0.7611,             0.85098,             0.62421,            0.033678,              0.0206,            0.012837,           0.0040105,           0.0040105,           0.0040105
                 123,            0.015489,            0.011275,           0.0033183,             0.90858,             0.74685,              0.8336,              0.6109,            0.034766,            0.022046,               0.013,            0.003961,            0.003961,            0.003961
                 124,            0.014442,            0.010948,           0.0029826,             0.92427,               0.745,              0.8336,             0.60604,            0.034518,            0.021841,            0.012751,           0.0039115,           0.0039115,           0.0039115
                 125,             0.01513,            0.011126,           0.0030208,             0.92236,                0.75,             0.84198,              0.6078,            0.033988,            0.021305,            0.012868,            0.003862,            0.003862,            0.003862
                 126,            0.014668,            0.010674,           0.0030992,             0.91155,             0.75667,             0.84304,              0.6213,            0.033641,            0.021407,            0.013397,           0.0038125,           0.0038125,           0.0038125
                 127,            0.015384,            0.011528,           0.0033243,             0.90524,             0.77167,             0.84548,             0.61953,            0.033453,            0.020943,              0.0139,            0.003763,            0.003763,            0.003763
                 128,            0.014813,            0.010989,           0.0030932,             0.93419,               0.785,             0.85158,             0.60795,            0.033745,            0.021391,            0.013963,           0.0037135,           0.0037135,           0.0037135
                 129,            0.014411,            0.010704,           0.0032597,             0.91542,                0.78,             0.85255,             0.60814,            0.033413,            0.021441,            0.014407,            0.003664,            0.003664,            0.003664
                 130,             0.01489,            0.010622,           0.0032529,             0.92325,             0.76475,             0.84805,             0.61273,            0.033484,            0.021906,            0.015486,           0.0036145,           0.0036145,           0.0036145
                 131,            0.014903,            0.010632,            0.003249,             0.92117,             0.79997,             0.86825,             0.61893,            0.032892,            0.020938,            0.013899,            0.003565,            0.003565,            0.003565
                 132,            0.014115,            0.010758,           0.0029513,             0.90996,             0.79559,             0.86117,             0.62861,            0.032908,            0.020876,             0.01393,           0.0035155,           0.0035155,           0.0035155
                 133,            0.014567,            0.010635,           0.0032761,             0.88812,             0.78137,              0.8537,             0.63266,            0.032406,            0.020329,            0.013945,            0.003466,            0.003466,            0.003466
                 134,             0.01387,            0.010407,            0.003011,             0.92088,             0.76708,             0.83855,             0.62881,            0.032716,            0.020348,            0.013661,           0.0034165,           0.0034165,           0.0034165
                 135,            0.013771,            0.010339,           0.0030894,             0.87941,             0.73333,             0.80762,             0.60668,            0.033954,            0.022273,            0.014794,            0.003367,            0.003367,            0.003367
                 136,            0.014604,            0.011055,           0.0032626,             0.90993,             0.78075,             0.85621,               0.617,            0.033541,            0.020903,            0.013966,           0.0033175,           0.0033175,           0.0033175
                 137,             0.01455,            0.010949,           0.0032737,             0.89036,               0.785,             0.84812,             0.61613,              0.0336,            0.020607,             0.01352,            0.003268,            0.003268,            0.003268
                 138,            0.014985,            0.011138,           0.0032903,             0.89501,             0.77665,             0.83956,             0.61179,            0.033822,              0.0211,            0.013672,           0.0032185,           0.0032185,           0.0032185
                 139,            0.014924,            0.011174,           0.0031895,             0.89333,             0.76911,             0.83642,             0.61019,            0.033792,            0.020546,            0.012447,            0.003169,            0.003169,            0.003169
                 140,             0.01456,            0.010828,           0.0031952,             0.87801,             0.77723,             0.83273,             0.61235,            0.033193,            0.020418,            0.012229,           0.0031195,           0.0031195,           0.0031195
                 141,            0.014192,            0.010665,           0.0030159,             0.90367,             0.77326,             0.85022,             0.61826,             0.03325,            0.020553,            0.011956,             0.00307,             0.00307,             0.00307
                 142,            0.013467,              0.0103,           0.0029287,             0.91772,              0.7952,             0.87487,              0.6334,            0.032654,            0.020343,            0.011904,           0.0030205,           0.0030205,           0.0030205
                 143,            0.013871,              0.0105,           0.0031071,             0.89788,             0.79227,             0.86897,             0.63767,            0.032558,            0.020422,            0.012513,            0.002971,            0.002971,            0.002971
                 144,            0.013433,            0.010412,           0.0033103,             0.90631,             0.78266,             0.85097,             0.63988,            0.032227,            0.020517,            0.012282,           0.0029215,           0.0029215,           0.0029215
                 145,            0.013857,            0.010667,           0.0030119,             0.92805,             0.78373,             0.86319,             0.63574,            0.032386,            0.020892,            0.012021,            0.002872,            0.002872,            0.002872
                 146,            0.013315,            0.010239,           0.0030271,             0.93968,             0.78819,             0.86066,             0.63787,            0.032771,            0.021326,            0.011678,           0.0028225,           0.0028225,           0.0028225
                 147,            0.013908,            0.010372,           0.0029381,             0.94496,             0.78356,             0.85495,             0.63307,            0.032878,            0.021648,            0.011909,            0.002773,            0.002773,            0.002773
                 148,            0.013267,            0.010328,           0.0029911,             0.94438,             0.77468,             0.84761,             0.63749,            0.032725,            0.021167,             0.01206,           0.0027235,           0.0027235,           0.0027235
                 149,            0.013395,            0.009828,           0.0031479,             0.94286,             0.77042,             0.84057,             0.63298,            0.033087,            0.021559,            0.012727,            0.002674,            0.002674,            0.002674
                 150,            0.013421,            0.009867,           0.0031026,             0.94359,             0.78399,             0.85154,             0.63606,            0.032933,            0.020851,            0.012704,           0.0026245,           0.0026245,           0.0026245
                 151,              0.0134,            0.010068,           0.0032038,             0.94296,             0.77015,             0.84704,             0.63585,            0.032427,            0.020932,            0.013822,            0.002575,            0.002575,            0.002575
                 152,            0.013281,           0.0097932,           0.0028859,             0.94055,             0.77501,             0.84847,             0.63187,            0.032369,            0.021558,            0.013859,           0.0025255,           0.0025255,           0.0025255
                 153,            0.012895,            0.010282,           0.0029799,             0.94254,             0.76948,             0.84567,             0.62759,            0.032992,            0.022202,            0.013887,            0.002476,            0.002476,            0.002476
                 154,            0.013359,            0.010084,           0.0030435,             0.91982,             0.77144,             0.84098,             0.62089,            0.033133,            0.022659,            0.013097,           0.0024265,           0.0024265,           0.0024265
                 155,            0.012444,           0.0094549,           0.0029508,             0.91493,               0.775,             0.84612,             0.62055,            0.032906,            0.022826,            0.013406,            0.002377,            0.002377,            0.002377
                 156,            0.013168,            0.009491,            0.003104,             0.93241,              0.7669,             0.84498,             0.62085,            0.032849,            0.022971,            0.013405,           0.0023275,           0.0023275,           0.0023275
                 157,            0.012857,           0.0099645,           0.0031947,             0.90993,             0.76833,             0.84121,             0.61496,            0.033459,            0.023485,            0.013253,            0.002278,            0.002278,            0.002278
                 158,            0.012896,           0.0097717,           0.0029592,             0.92158,              0.7792,             0.84526,             0.61069,            0.033515,             0.02338,            0.012949,           0.0022285,           0.0022285,           0.0022285
                 159,            0.012826,           0.0096377,           0.0031551,             0.93233,                0.79,             0.85455,              0.6191,            0.033363,            0.022977,            0.013362,            0.002179,            0.002179,            0.002179
                 160,            0.013173,           0.0096757,           0.0032432,             0.92386,             0.77765,             0.84472,             0.62636,            0.033381,            0.023024,            0.013697,           0.0021295,           0.0021295,           0.0021295
                 161,            0.012506,           0.0094306,           0.0029204,             0.88892,             0.76051,             0.82536,             0.62387,            0.033267,            0.023148,            0.013867,             0.00208,             0.00208,             0.00208
                 162,            0.012926,           0.0095975,           0.0031211,             0.90574,             0.75333,             0.82548,             0.62223,            0.033373,            0.023077,            0.013746,           0.0020305,           0.0020305,           0.0020305
                 163,            0.012432,            0.009557,           0.0028972,             0.94368,             0.75397,             0.84146,             0.62139,            0.033305,            0.023468,            0.013676,            0.001981,            0.001981,            0.001981
                 164,            0.012541,           0.0098158,           0.0030457,             0.90761,             0.75667,             0.83465,              0.6172,            0.033399,            0.023691,            0.014073,           0.0019315,           0.0019315,           0.0019315
                 165,            0.012493,           0.0094088,           0.0029381,              0.9099,             0.76852,             0.84074,             0.61926,            0.033295,            0.023696,            0.013433,            0.001882,            0.001882,            0.001882
                 166,             0.01227,           0.0091441,           0.0029543,             0.88289,             0.76159,             0.81516,              0.6151,            0.033427,            0.023451,            0.013043,           0.0018325,           0.0018325,           0.0018325
                 167,            0.012272,           0.0095843,           0.0029721,             0.89442,              0.7642,             0.82531,              0.6296,            0.032775,            0.022661,            0.012404,            0.001783,            0.001783,            0.001783
                 168,            0.012089,           0.0093235,           0.0028997,             0.92148,             0.78614,             0.84911,             0.63331,            0.032773,            0.022778,            0.011833,           0.0017335,           0.0017335,           0.0017335
                 169,            0.012854,           0.0094815,           0.0031233,             0.94229,             0.79499,             0.85887,             0.63002,            0.032658,            0.022396,            0.011881,            0.001684,            0.001684,            0.001684
                 170,            0.012011,           0.0094346,           0.0027822,             0.93362,             0.79576,             0.86507,             0.63152,             0.03251,            0.021621,            0.011445,           0.0016345,           0.0016345,           0.0016345
                 171,            0.011649,            0.009035,           0.0027536,             0.93691,              0.7987,             0.86215,             0.63372,             0.03272,            0.022207,            0.011699,            0.001585,            0.001585,            0.001585
                 172,            0.011729,           0.0088459,           0.0027866,             0.93466,             0.79049,             0.86008,             0.63214,             0.03283,            0.022037,            0.011671,           0.0015355,           0.0015355,           0.0015355
                 173,             0.01187,           0.0088908,           0.0029294,             0.94229,             0.78695,             0.85613,             0.63382,            0.032861,            0.021909,            0.012234,            0.001486,            0.001486,            0.001486
                 174,            0.012299,           0.0090902,           0.0030387,             0.94439,                0.79,               0.857,             0.63675,            0.032826,            0.022009,            0.012593,           0.0014365,           0.0014365,           0.0014365
                 175,            0.011831,           0.0090166,           0.0029331,             0.94262,             0.79801,             0.86518,             0.64205,            0.032484,            0.021495,            0.012256,            0.001387,            0.001387,            0.001387
                 176,            0.011906,           0.0092704,            0.002882,             0.92205,             0.79167,             0.86397,             0.64646,            0.032225,            0.021738,            0.012528,           0.0013375,           0.0013375,           0.0013375
                 177,            0.011924,           0.0090247,           0.0029913,             0.89997,             0.78833,             0.85598,             0.63849,            0.032402,            0.022111,            0.012717,            0.001288,            0.001288,            0.001288
                 178,            0.012055,           0.0088393,           0.0030651,             0.92557,             0.79667,             0.86444,             0.64468,            0.031968,            0.021248,            0.012209,           0.0012385,           0.0012385,           0.0012385
                 179,            0.011698,           0.0088338,           0.0028769,             0.91472,             0.78287,             0.86083,               0.642,            0.032144,            0.021744,            0.012342,            0.001189,            0.001189,            0.001189
                 180,            0.012376,           0.0090999,           0.0031666,             0.92049,             0.77833,             0.85785,             0.63988,            0.032247,            0.021866,            0.012765,           0.0011395,           0.0011395,           0.0011395
                 181,            0.011584,           0.0088504,           0.0028282,             0.94041,               0.775,             0.85641,             0.64209,             0.03223,            0.021773,            0.012668,             0.00109,             0.00109,             0.00109
                 182,            0.011451,           0.0087126,           0.0027807,             0.92962,             0.78102,             0.86049,             0.64163,            0.032286,            0.022115,            0.012384,           0.0010405,           0.0010405,           0.0010405
                 183,            0.011275,           0.0084999,           0.0027142,             0.92727,             0.76811,             0.85406,             0.63593,            0.032513,            0.022303,            0.013219,            0.000991,            0.000991,            0.000991
                 184,            0.011551,           0.0089364,           0.0029332,             0.92984,               0.775,             0.85583,             0.64086,            0.032199,            0.021807,            0.012933,           0.0009415,           0.0009415,           0.0009415
                 185,            0.011384,           0.0087263,           0.0027935,             0.93313,             0.77785,             0.86354,             0.64094,            0.031893,            0.021329,            0.012952,            0.000892,            0.000892,            0.000892
                 186,            0.010862,           0.0083091,           0.0025276,              0.9332,             0.77837,              0.8593,             0.64137,            0.032161,            0.021417,            0.012489,           0.0008425,           0.0008425,           0.0008425
                 187,            0.011525,           0.0091766,           0.0028017,             0.93143,             0.78333,             0.86421,             0.63912,             0.03219,            0.021872,             0.01262,            0.000793,            0.000793,            0.000793
                 188,            0.011323,           0.0088133,           0.0027752,             0.92966,             0.78215,             0.86883,             0.64425,            0.031968,            0.021525,            0.012794,           0.0007435,           0.0007435,           0.0007435
                 189,            0.011291,           0.0085327,           0.0027929,             0.93272,              0.7876,             0.86749,             0.64137,            0.032126,            0.021561,            0.012289,            0.000694,            0.000694,            0.000694
